region_id,correlation,p_value,std_dev,mean_z_score
17_19436981_19437779,0.09769887524083885,0.10218676566041907,0.8991940718744428,-1.2643109177225981e-17
